Drop database  IF EXISTS phronesisAnalyzer;
create database phronesisAnalyzer;
use phronesisAnalyzer;
source /home/chaen/phronesis/phronesisAnalyzer.sql;












insert into Server(id, name, address) values (1, 'localhost', 'localhost');


insert into Total (id) value (9);
insert into MetaAgent (id, name, type, id_total, classification,valid, tolerate) values (82,'example_spe_Conf', 'Coordinator', 9, 'A-1',True, 0);
insert into Total (id) value (5);
insert into MetaAgent (id, name, type, id_total, classification,valid, tolerate) values (114,'example_allGearmanWorkers', 'Coordinator', 5, 'C-1',True, 0);
insert into Total (id) value (3);
insert into MetaAgent (id, name, type, id_total, classification,valid, tolerate) values (38,'abs_gearman', 'Coordinator', 3, 'None',False, 0);
insert into Total (id) value (14);
insert into MetaAgent (id, name, type, id_total, classification,valid, tolerate) values (53,'abs_icinga', 'Coordinator', 14, 'None',False, 0);
insert into Total (id) value (4);
insert into MetaAgent (id, name, type, id_total, classification,valid, tolerate) values (121,'n_c_gearmanServer', 'Coordinator', 4, 'None',False, 0);
insert into Total (id) value (15);
insert into MetaAgent (id, name, type, id_total, classification,valid, tolerate) values (51,'abs_icingaRuntime', 'Coordinator', 15, 'None',False, 0);
insert into Total (id) value (7);
insert into MetaAgent (id, name, type, id_total, classification,valid, tolerate) values (45,'abs_webSite', 'Coordinator', 7, 'None',False, 0);
insert into MetaAgent (id, name, type, id_total, classification,valid, tolerate) values (47,'default_Conf', 'Coordinator', 9, 'None',False, 0);
insert into Total (id) value (6);
insert into MetaAgent (id, name, type, id_total, classification,valid, tolerate) values (40,'default_MySql', 'Coordinator', 6, 'None',False, 0);
insert into MetaAgent (id, name, type, id_total, classification,valid, tolerate) values (99,'abs_icingaRuntime_example_icinga_rpm', 'Coordinator', 15, 'B-1',True, 0);
insert into MetaAgent (id, name, type, id_total, classification,valid, tolerate) values (84,'example_spe_webSite', 'Coordinator', 7, 'A-0',True, 0);
insert into Total (id) value (18);
insert into MetaAgent (id, name, type, id_total, classification,valid, tolerate) values (69,'abs_Nfs', 'Coordinator', 18, 'None',False, 0);
insert into Total (id) value (2);
insert into MetaAgent (id, name, type, id_total, classification,valid, tolerate) values (34,'abs_gearmanWorker', 'Coordinator', 2, 'None',False, 0);
insert into Total (id) value (8);
insert into MetaAgent (id, name, type, id_total, classification,valid, tolerate) values (123,'n_c_data', 'Coordinator', 8, 'None',False, 0);
insert into MetaAgent (id, name, type, id_total, classification,valid, tolerate) values (54,'default_icinga_rpm', 'Coordinator', 14, 'None',False, 0);
insert into MetaAgent (id, name, type, id_total, classification,valid, tolerate) values (95,'example_icinga_rpm', 'Coordinator', 14, 'B-0',True, 0);
insert into Total (id) value (16);
insert into MetaAgent (id, name, type, id_total, classification,valid, tolerate) values (103,'abs_icingaPlugins_example_icinga_rpm', 'Coordinator', 16, 'B-1',True, 0);
insert into MetaAgent (id, name, type, id_total, classification,valid, tolerate) values (58,'abs_icingaRuntime_default_icinga_rpm', 'Coordinator', 15, 'None',False, 0);
insert into MetaAgent (id, name, type, id_total, classification,valid, tolerate) values (39,'abs_Mysql', 'Coordinator', 6, 'None',False, 0);
insert into MetaAgent (id, name, type, id_total, classification,valid, tolerate) values (115,'example_gearman', 'Coordinator', 3, 'C-0',True, 0);
insert into MetaAgent (id, name, type, id_total, classification,valid, tolerate) values (87,'default_Data_example_spe_webSite', 'Coordinator', 8, 'A-1',True, 0);
insert into MetaAgent (id, name, type, id_total, classification,valid, tolerate) values (52,'abs_icingaPlugins', 'Coordinator', 16, 'None',False, 0);
insert into Total (id) value (17);
insert into MetaAgent (id, name, type, id_total, classification,valid, tolerate) values (116,'example_idoutils', 'Coordinator', 17, 'D-0',True, 0);
insert into MetaAgent (id, name, type, id_total, classification,valid, tolerate) values (48,'default_webSite', 'Coordinator', 7, 'None',False, 0);
insert into MetaAgent (id, name, type, id_total, classification,valid, tolerate) values (108,'example_gearmanWorker1', 'Coordinator', 2, 'E-0',True, 0);
insert into MetaAgent (id, name, type, id_total, classification,valid, tolerate) values (111,'example_gearmanWorker2', 'Coordinator', 2, 'F-0',True, 0);
insert into MetaAgent (id, name, type, id_total, classification,valid, tolerate) values (70,'example_MySQL', 'Coordinator', 6, 'G-0',True, 0);
insert into Total (id) value (1);
insert into MetaAgent (id, name, type, id_total, classification,valid, tolerate) values (30,'abs_gearmanServer', 'Coordinator', 1, 'None',False, 0);
insert into MetaAgent (id, name, type, id_total, classification,valid, tolerate) values (120,'n_c_allGearmanWorkers', 'Coordinator', 5, 'None',False, 0);
insert into Total (id) value (19);
insert into MetaAgent (id, name, type, id_total, classification,valid, tolerate) values (124,'n_c_exportedFolders', 'Coordinator', 19, 'None',False, 0);
insert into MetaAgent (id, name, type, id_total, classification,valid, tolerate) values (75,'example_webSite', 'Coordinator', 7, 'H-0',True, 0);
insert into MetaAgent (id, name, type, id_total, classification,valid, tolerate) values (31,'default_gearmanServer', 'Coordinator', 1, 'None',False, 0);
insert into MetaAgent (id, name, type, id_total, classification,valid, tolerate) values (64,'abs_idoutils', 'Coordinator', 17, 'None',False, 0);
insert into MetaAgent (id, name, type, id_total, classification,valid, tolerate) values (46,'default_Data', 'Coordinator', 8, 'None',False, 0);
insert into MetaAgent (id, name, type, id_total, classification,valid, tolerate) values (78,'default_Data_example_webSite', 'Coordinator', 8, 'H-1',True, 0);
insert into MetaAgent (id, name, type, id_total, classification,valid, tolerate) values (62,'abs_icingaPlugins_default_icinga_rpm', 'Coordinator', 16, 'None',False, 0);
insert into MetaAgent (id, name, type, id_total, classification,valid, tolerate) values (35,'default_gearmanWorker', 'Coordinator', 2, 'None',False, 0);
insert into MetaAgent (id, name, type, id_total, classification,valid, tolerate) values (122,'n_c_conf', 'Coordinator', 9, 'None',False, 0);
insert into MetaAgent (id, name, type, id_total, classification,valid, tolerate) values (105,'example_gearmanServer', 'Coordinator', 1, 'C-1',True, 0);
insert into MetaAgent (id, name, type, id_total, classification,valid, tolerate) values (92,'example_Nfs', 'Coordinator', 18, 'I-0',True, 0);
insert into MetaAgent (id, name, type, id_total, classification,valid, tolerate) values (80,'default_Conf_example_webSite', 'Coordinator', 9, 'H-1',True, 0);
insert into MetaAgent (id, name, type, id_total, classification,valid, tolerate) values (65,'default_idoutils', 'Coordinator', 17, 'None',False, 0);
insert into MetaAgent (id, name, type, id_total, classification,valid, tolerate) values (91,'exportedNfsFolders', 'Coordinator', 19, 'I-1',True, 0);


insert into MetaAgent (id, name, type, valid) values (61,'abs_icingaCmdFile_default_icinga_rpm', 'FileAgent',False);
insert into MetaAgent (id, name, type, valid) values (36,'abs_gearmanWorkerConf_default_gearmanWorker', 'FileAgent',False);
insert into MetaAgent (id, name, type, id_server, valid) values (112,'abs_gearmanWorkerConf_example_gearmanWorker2', 'FileAgent', 1, True);
insert into FileAgent (id, id_metaAgent, filename, owner, grp, permissions, attributes, md5) values (1, 112, '/etc/mod_gearman/mod_gearman_worker.conf', '', '', '', '', '');
insert into MetaAgent (id, name, type, valid) values (59,'abs_icingaStatusFile_default_icinga_rpm', 'FileAgent',False);
insert into MetaAgent (id, name, type, valid) values (14,'abs_myCnfFile', 'FileAgent',False);
insert into MetaAgent (id, name, type, id_server, valid) values (101,'abs_icingaRetentionFile_example_icinga_rpm', 'FileAgent', 1, True);
insert into FileAgent (id, id_metaAgent, filename, owner, grp, permissions, attributes, md5) values (2, 101, '/var/icinga/retention.dat', 'icinga', '', '600', '', '');
insert into MetaAgent (id, name, type, id_server, valid) values (81,'default_httpdConf_example_webSite', 'FileAgent', 1, True);
insert into FileAgent (id, id_metaAgent, filename, owner, grp, permissions, attributes, md5) values (3, 81, '/etc/httpd/conf/httpd.conf', 'root', '', '', '', '');
insert into MetaAgent (id, name, type, id_server, valid) values (71,'abs_myCnfFile_example_MySQL', 'FileAgent', 1, True);
insert into FileAgent (id, id_metaAgent, filename, owner, grp, permissions, attributes, md5) values (4, 71, '/etc/my.cnf', '', '', '', '', '');
insert into MetaAgent (id, name, type, id_server, valid) values (102,'abs_icingaCmdFile_example_icinga_rpm', 'FileAgent', 1, True);
insert into FileAgent (id, id_metaAgent, filename, owner, grp, permissions, attributes, md5) values (5, 102, '/var/icinga/cmd/icinga.cmd', 'icinga', '', '777', '', '');
insert into MetaAgent (id, name, type, id_server, valid) values (106,'abs_gearmandConf_example_gearmanServer', 'FileAgent', 1, True);
insert into FileAgent (id, id_metaAgent, filename, owner, grp, permissions, attributes, md5) values (6, 106, '/etc/mod_gearman/mod_gearman_neb.conf', '', '', '', '', '');
insert into MetaAgent (id, name, type, id_server, valid) values (23,'example_spe_ConfFile', 'FileAgent', 1, True);
insert into FileAgent (id, id_metaAgent, filename, owner, grp, permissions, attributes, md5) values (7, 23, '/etc/httpd/conf.d/myConf.cfg', '', '', '', '', '');
insert into MetaAgent (id, name, type, valid) values (16,'abs_icingaCfgFile', 'FileAgent',False);
insert into MetaAgent (id, name, type, valid) values (15,'default_httpdConf', 'FileAgent',False);
insert into MetaAgent (id, name, type, id_server, valid) values (117,'abs_idomodConf_example_idoutils', 'FileAgent', 1, True);
insert into FileAgent (id, id_metaAgent, filename, owner, grp, permissions, attributes, md5) values (8, 117, '/etc/icinga/idomod.cfg', '', '', '', '', '');
insert into MetaAgent (id, name, type, valid) values (12,'abs_gearmandConf', 'FileAgent',False);
insert into MetaAgent (id, name, type, valid) values (41,'abs_myCnfFile_default_MySql', 'FileAgent',False);
insert into MetaAgent (id, name, type, valid) values (21,'abs_ido2dbConf', 'FileAgent',False);
insert into MetaAgent (id, name, type, id_server, valid) values (83,'default_httpdConf_example_spe_Conf', 'FileAgent', 1, True);
insert into FileAgent (id, id_metaAgent, filename, owner, grp, permissions, attributes, md5) values (9, 83, '/etc/httpd/conf/httpd.conf', 'root', '', '', '', '');
insert into MetaAgent (id, name, type, valid) values (67,'abs_ido2dbConf_default_idoutils', 'FileAgent',False);
insert into MetaAgent (id, name, type, id_server, valid) values (93,'abs_exportFile_example_Nfs', 'FileAgent', 1, True);
insert into FileAgent (id, id_metaAgent, filename, owner, grp, permissions, attributes, md5) values (10, 93, '/etc/exports', '', '', '', '', '');
insert into MetaAgent (id, name, type, id_server, valid) values (2,'localhost_fstab', 'FileAgent', 1, True);
insert into FileAgent (id, id_metaAgent, filename, owner, grp, permissions, attributes, md5) values (11, 2, '/etc/fstab', '', '', '', '', '');
insert into MetaAgent (id, name, type, valid) values (22,'abs_exportFile', 'FileAgent',False);
insert into MetaAgent (id, name, type, id_server, valid) values (96,'abs_icingaCfgFile_example_icinga_rpm', 'FileAgent', 1, True);
insert into FileAgent (id, id_metaAgent, filename, owner, grp, permissions, attributes, md5) values (12, 96, '/etc/icinga/icinga.cfg', 'root', '', '664', '', '');
insert into MetaAgent (id, name, type, valid) values (20,'abs_idomodConf', 'FileAgent',False);
insert into MetaAgent (id, name, type, valid) values (32,'abs_gearmandConf_default_gearmanServer', 'FileAgent',False);
insert into MetaAgent (id, name, type, valid) values (55,'abs_icingaCfgFile_default_icinga_rpm', 'FileAgent',False);
insert into MetaAgent (id, name, type, valid) values (66,'abs_idomodConf_default_idoutils', 'FileAgent',False);
insert into MetaAgent (id, name, type, valid) values (17,'abs_icingaStatusFile', 'FileAgent',False);
insert into MetaAgent (id, name, type, id_server, valid) values (118,'abs_ido2dbConf_example_idoutils', 'FileAgent', 1, True);
insert into FileAgent (id, id_metaAgent, filename, owner, grp, permissions, attributes, md5) values (13, 118, '/etc/icinga/ido2db.cfg', '', '', '', '', '');
insert into MetaAgent (id, name, type, id_server, valid) values (100,'abs_icingaStatusFile_example_icinga_rpm', 'FileAgent', 1, True);
insert into FileAgent (id, id_metaAgent, filename, owner, grp, permissions, attributes, md5) values (14, 100, '/var/icinga/status.dat', 'icinga', '', '644', '', '');
insert into MetaAgent (id, name, type, valid) values (19,'abs_icingaCmdFile', 'FileAgent',False);
insert into MetaAgent (id, name, type, id_server, valid) values (109,'abs_gearmanWorkerConf_example_gearmanWorker1', 'FileAgent', 1, True);
insert into FileAgent (id, id_metaAgent, filename, owner, grp, permissions, attributes, md5) values (15, 109, '/etc/mod_gearman/mod_gearman_worker.conf', '', '', '', '', '');
insert into MetaAgent (id, name, type, valid) values (13,'abs_gearmanWorkerConf', 'FileAgent',False);
insert into MetaAgent (id, name, type, valid) values (18,'abs_icingaRetentionFile', 'FileAgent',False);
insert into MetaAgent (id, name, type, valid) values (60,'abs_icingaRetentionFile_default_icinga_rpm', 'FileAgent',False);


insert into MetaAgent (id, name, type, id_server, valid) values (104,'abs_icingaPluginFolder_example_icinga_rpm', 'FolderAgent', 1, True);
insert into FileAgent (id, id_metaAgent, filename, owner, grp, permissions, attributes, md5) values (16, 104, '/usr/lib64/nagios/plugins', 'root', '', '755', '', '');
insert into MetaAgent (id, name, type, id_server, valid) values (72,'abs_mysqlDataDir_example_MySQL', 'FolderAgent', 1, True);
insert into FileAgent (id, id_metaAgent, filename, owner, grp, permissions, attributes, md5) values (17, 72, '/var/lib/mysql/', 'mysql', '', '', '', '');
insert into MetaAgent (id, name, type, id_server, valid) values (88,'default_documentRoot_example_spe_webSite', 'FolderAgent', 1, True);
insert into FileAgent (id, id_metaAgent, filename, owner, grp, permissions, attributes, md5) values (18, 88, '/var/www/html', '', '', '', '', '');
insert into MetaAgent (id, name, type, valid) values (63,'abs_icingaPluginFolder_default_icinga_rpm', 'FolderAgent',False);
insert into MetaAgent (id, name, type, valid) values (24,'abs_mysqlDataDir', 'FolderAgent',False);
insert into MetaAgent (id, name, type, id_server, valid) values (28,'exportedFolder1', 'FolderAgent', 1, True);
insert into FileAgent (id, id_metaAgent, filename, owner, grp, permissions, attributes, md5) values (19, 28, 'folder1', '', '', '', '', '');
insert into MetaAgent (id, name, type, id_server, valid) values (29,'exportedFolder2', 'FolderAgent', 1, True);
insert into FileAgent (id, id_metaAgent, filename, owner, grp, permissions, attributes, md5) values (20, 29, 'folder2', '', '', '', '', '');
insert into MetaAgent (id, name, type, valid) values (26,'abs_icingaObjects', 'FolderAgent',False);
insert into MetaAgent (id, name, type, valid) values (56,'abs_icingaObjects_default_icinga_rpm', 'FolderAgent',False);
insert into MetaAgent (id, name, type, valid) values (25,'default_documentRoot', 'FolderAgent',False);
insert into MetaAgent (id, name, type, valid) values (42,'abs_mysqlDataDir_default_MySql', 'FolderAgent',False);
insert into MetaAgent (id, name, type, id_server, valid) values (79,'default_documentRoot_example_webSite', 'FolderAgent', 1, True);
insert into FileAgent (id, id_metaAgent, filename, owner, grp, permissions, attributes, md5) values (21, 79, '/var/www/html', '', '', '', '', '');
insert into MetaAgent (id, name, type, valid) values (27,'abs_icingaPluginFolder', 'FolderAgent',False);
insert into MetaAgent (id, name, type, id_server, valid) values (97,'abs_icingaObjects_example_icinga_rpm', 'FolderAgent', 1, True);
insert into FileAgent (id, id_metaAgent, filename, owner, grp, permissions, attributes, md5) values (22, 97, '/etc/icinga/objects/', '', '', '', '', '');


insert into MetaAgent (id, name, type, valid) values (3,'abs_gearmand', 'ProcessAgent',False);
insert into MetaAgent (id, name, type, valid) values (4,'abs_gearmanWorkerProc', 'ProcessAgent',False);
insert into MetaAgent (id, name, type, valid) values (5,'abs_mysqld', 'ProcessAgent',False);
insert into MetaAgent (id, name, type, valid) values (6,'abs_mysqldChild', 'ProcessAgent',False);
insert into MetaAgent (id, name, type, valid) values (7,'abs_httpd', 'ProcessAgent',False);
insert into MetaAgent (id, name, type, valid) values (8,'abs_httdpChild', 'ProcessAgent',False);
insert into MetaAgent (id, name, type, valid) values (9,'abs_icingaProc', 'ProcessAgent',False);
insert into MetaAgent (id, name, type, valid) values (10,'abs_ido2db', 'ProcessAgent',False);
insert into MetaAgent (id, name, type, valid) values (11,'abs_nfsd', 'ProcessAgent',False);
insert into MetaAgent (id, name, type, valid) values (33,'abs_gearmand_default_gearmanServer', 'ProcessAgent',False);
insert into MetaAgent (id, name, type, valid) values (37,'abs_gearmanWorkerProc_default_gearmanWorker', 'ProcessAgent',False);
insert into MetaAgent (id, name, type, valid) values (43,'abs_mysqld_default_MySql', 'ProcessAgent',False);
insert into MetaAgent (id, name, type, valid) values (44,'abs_mysqldChild_default_MySql', 'ProcessAgent',False);
insert into MetaAgent (id, name, type, valid) values (49,'abs_httpd_default_webSite', 'ProcessAgent',False);
insert into MetaAgent (id, name, type, valid) values (50,'abs_httdpChild_default_webSite', 'ProcessAgent',False);
insert into MetaAgent (id, name, type, valid) values (57,'abs_icingaProc_default_icinga_rpm', 'ProcessAgent',False);
insert into MetaAgent (id, name, type, valid) values (68,'abs_ido2db_default_idoutils', 'ProcessAgent',False);
insert into MetaAgent (id, name, type, id_server, valid) values (73,'abs_mysqld_example_MySQL', 'ProcessAgent', 1, True);
insert into ProcessAgent (id, id_metaAgent, procName, user, multiplicity, service, command, maxCpu, maxMemory) values (1, 73, '/usr/bin/mysqld_safe', 'root', -1, 'mysqld', '', 100, 100);
insert into MetaAgent (id, name, type, id_server, valid) values (74,'abs_mysqldChild_example_MySQL', 'ProcessAgent', 1, True);
insert into ProcessAgent (id, id_metaAgent, procName, user, multiplicity, service, command, maxCpu, maxMemory) values (2, 74, '/usr/libexec/mysqld', 'mysql', -1, 'mysqld', '', 100, 100);
update ProcessAgent set id_parent = 1 where id = 2;
insert into MetaAgent (id, name, type, id_server, valid) values (76,'abs_httpd_example_webSite', 'ProcessAgent', 1, True);
insert into ProcessAgent (id, id_metaAgent, procName, user, multiplicity, service, command, maxCpu, maxMemory) values (3, 76, '/usr/sbin/httpd', 'root', -1, 'httpd', '', 100, 100);
insert into MetaAgent (id, name, type, id_server, valid) values (77,'abs_httdpChild_example_webSite', 'ProcessAgent', 1, True);
insert into ProcessAgent (id, id_metaAgent, procName, user, multiplicity, service, command, maxCpu, maxMemory) values (4, 77, '/usr/sbin/httpd', 'apache', -1, 'httpd', '', 100, 100);
update ProcessAgent set id_parent = 3 where id = 4;
insert into MetaAgent (id, name, type, id_server, valid) values (85,'abs_httpd_example_spe_webSite', 'ProcessAgent', 1, True);
insert into ProcessAgent (id, id_metaAgent, procName, user, multiplicity, service, command, maxCpu, maxMemory) values (5, 85, '/usr/sbin/httpd', 'root', -1, 'httpd', '', 100, 100);
insert into MetaAgent (id, name, type, id_server, valid) values (86,'abs_httdpChild_example_spe_webSite', 'ProcessAgent', 1, True);
insert into ProcessAgent (id, id_metaAgent, procName, user, multiplicity, service, command, maxCpu, maxMemory) values (6, 86, '/usr/sbin/httpd', 'apache', -1, 'httpd', '', 100, 100);
update ProcessAgent set id_parent = 5 where id = 6;
insert into MetaAgent (id, name, type, id_server, valid) values (94,'abs_nfsd_example_Nfs', 'ProcessAgent', 1, True);
insert into ProcessAgent (id, id_metaAgent, procName, user, multiplicity, service, command, maxCpu, maxMemory) values (7, 94, '*nfsd', 'root', -1, 'nfs', '', 100, 100);
insert into MetaAgent (id, name, type, id_server, valid) values (98,'abs_icingaProc_example_icinga_rpm', 'ProcessAgent', 1, True);
insert into ProcessAgent (id, id_metaAgent, procName, user, multiplicity, service, command, maxCpu, maxMemory) values (8, 98, '/usr/bin/icinga', 'icinga', -1, 'icinga', '', 100, 100);
insert into MetaAgent (id, name, type, id_server, valid) values (107,'abs_gearmand_example_gearmanServer', 'ProcessAgent', 1, True);
insert into ProcessAgent (id, id_metaAgent, procName, user, multiplicity, service, command, maxCpu, maxMemory) values (9, 107, '/usr/sbin/gearmand', 'gearmand', -1, 'gearmand', '', 100, 100);
insert into MetaAgent (id, name, type, id_server, valid) values (110,'abs_gearmanWorkerProc_example_gearmanWorker1', 'ProcessAgent', 1, True);
insert into ProcessAgent (id, id_metaAgent, procName, user, multiplicity, service, command, maxCpu, maxMemory) values (10, 110, '/usr/bin/mod_gearman_worker', 'gearmand', -1, 'mod_gearman_worker', '', 100, 100);
insert into MetaAgent (id, name, type, id_server, valid) values (113,'abs_gearmanWorkerProc_example_gearmanWorker2', 'ProcessAgent', 1, True);
insert into ProcessAgent (id, id_metaAgent, procName, user, multiplicity, service, command, maxCpu, maxMemory) values (11, 113, '/usr/bin/mod_gearman_worker', 'gearmand', -1, 'mod_gearman_worker', '', 100, 100);
insert into MetaAgent (id, name, type, id_server, valid) values (119,'abs_ido2db_example_idoutils', 'ProcessAgent', 1, True);
insert into ProcessAgent (id, id_metaAgent, procName, user, multiplicity, service, command, maxCpu, maxMemory) values (12, 119, '/usr/bin/ido2db', 'nagios', -1, 'ido2db', '', 100, 100);


insert into MetaAgent (id, name, type, id_server, valid) values (1,'localhost_env', 'EnvironmentAgent', 1, True);
insert into EnvironmentAgent (id, id_metaAgent, id_fstab, maxLoad, maxMemory, maxSwap) values (1, 1, 11, 2, 100, 99);


insert into Occurrence(id) value (30);
insert into MetaAgentTree (id, id_parent, id_daughter, id_occurrence) values (1, 82, 23, 30);
insert into Occurrence(id) value (14);
insert into MetaAgentTree (id, id_parent, id_daughter, id_occurrence) values (2, 82, 83, 14);
insert into Occurrence(id) value (6);
insert into MetaAgentTree (id, id_parent, id_daughter, id_occurrence) values (3, 38, 120, 6);
insert into Occurrence(id) value (5);
insert into MetaAgentTree (id, id_parent, id_daughter, id_occurrence) values (4, 38, 121, 5);
insert into Occurrence(id) value (23);
insert into MetaAgentTree (id, id_parent, id_daughter, id_occurrence) values (5, 53, 52, 23);
insert into Occurrence(id) value (22);
insert into MetaAgentTree (id, id_parent, id_daughter, id_occurrence) values (6, 53, 26, 22);
insert into Occurrence(id) value (19);
insert into MetaAgentTree (id, id_parent, id_daughter, id_occurrence) values (7, 53, 51, 19);
insert into Occurrence(id) value (20);
insert into MetaAgentTree (id, id_parent, id_daughter, id_occurrence) values (8, 53, 16, 20);
insert into Occurrence(id) value (21);
insert into MetaAgentTree (id, id_parent, id_daughter, id_occurrence) values (9, 53, 9, 21);
insert into Occurrence(id) value (17);
insert into MetaAgentTree (id, id_parent, id_daughter, id_occurrence) values (10, 51, 19, 17);
insert into Occurrence(id) value (15);
insert into MetaAgentTree (id, id_parent, id_daughter, id_occurrence) values (11, 51, 17, 15);
insert into Occurrence(id) value (16);
insert into MetaAgentTree (id, id_parent, id_daughter, id_occurrence) values (12, 51, 18, 16);
insert into Occurrence(id) value (12);
insert into MetaAgentTree (id, id_parent, id_daughter, id_occurrence) values (13, 45, 7, 12);
insert into Occurrence(id) value (11);
insert into MetaAgentTree (id, id_parent, id_daughter, id_occurrence) values (14, 45, 122, 11);
insert into Occurrence(id) value (10);
insert into MetaAgentTree (id, id_parent, id_daughter, id_occurrence) values (15, 45, 123, 10);
insert into MetaAgentTree (id, id_parent, id_daughter, id_occurrence) values (16, 47, 15, 14);
insert into Occurrence(id) value (9);
insert into MetaAgentTree (id, id_parent, id_daughter, id_occurrence) values (17, 40, 42, 9);
insert into Occurrence(id) value (8);
insert into MetaAgentTree (id, id_parent, id_daughter, id_occurrence) values (18, 40, 41, 8);
insert into Occurrence(id) value (7);
insert into MetaAgentTree (id, id_parent, id_daughter, id_occurrence) values (19, 40, 43, 7);
insert into MetaAgentTree (id, id_parent, id_daughter, id_occurrence) values (20, 99, 102, 17);
insert into MetaAgentTree (id, id_parent, id_daughter, id_occurrence) values (21, 99, 100, 15);
insert into MetaAgentTree (id, id_parent, id_daughter, id_occurrence) values (22, 99, 101, 16);
insert into MetaAgentTree (id, id_parent, id_daughter, id_occurrence) values (23, 84, 82, 11);
insert into MetaAgentTree (id, id_parent, id_daughter, id_occurrence) values (24, 84, 85, 12);
insert into MetaAgentTree (id, id_parent, id_daughter, id_occurrence) values (25, 84, 87, 10);
insert into Occurrence(id) value (28);
insert into MetaAgentTree (id, id_parent, id_daughter, id_occurrence) values (26, 69, 22, 28);
insert into Occurrence(id) value (27);
insert into MetaAgentTree (id, id_parent, id_daughter, id_occurrence) values (27, 69, 11, 27);
insert into Occurrence(id) value (29);
insert into MetaAgentTree (id, id_parent, id_daughter, id_occurrence) values (28, 69, 124, 29);
insert into Occurrence(id) value (3);
insert into MetaAgentTree (id, id_parent, id_daughter, id_occurrence) values (29, 34, 4, 3);
insert into Occurrence(id) value (4);
insert into MetaAgentTree (id, id_parent, id_daughter, id_occurrence) values (30, 34, 13, 4);
insert into MetaAgentTree (id, id_parent, id_daughter, id_occurrence) values (31, 54, 56, 22);
insert into MetaAgentTree (id, id_parent, id_daughter, id_occurrence) values (32, 54, 62, 23);
insert into MetaAgentTree (id, id_parent, id_daughter, id_occurrence) values (33, 54, 57, 21);
insert into MetaAgentTree (id, id_parent, id_daughter, id_occurrence) values (34, 54, 58, 19);
insert into MetaAgentTree (id, id_parent, id_daughter, id_occurrence) values (35, 54, 55, 20);
insert into MetaAgentTree (id, id_parent, id_daughter, id_occurrence) values (36, 95, 99, 19);
insert into MetaAgentTree (id, id_parent, id_daughter, id_occurrence) values (37, 95, 97, 22);
insert into MetaAgentTree (id, id_parent, id_daughter, id_occurrence) values (38, 95, 103, 23);
insert into MetaAgentTree (id, id_parent, id_daughter, id_occurrence) values (39, 95, 98, 21);
insert into MetaAgentTree (id, id_parent, id_daughter, id_occurrence) values (40, 95, 96, 20);
insert into Occurrence(id) value (18);
insert into MetaAgentTree (id, id_parent, id_daughter, id_occurrence) values (41, 103, 104, 18);
insert into MetaAgentTree (id, id_parent, id_daughter, id_occurrence) values (42, 58, 61, 17);
insert into MetaAgentTree (id, id_parent, id_daughter, id_occurrence) values (43, 58, 59, 15);
insert into MetaAgentTree (id, id_parent, id_daughter, id_occurrence) values (44, 58, 60, 16);
insert into MetaAgentTree (id, id_parent, id_daughter, id_occurrence) values (45, 39, 24, 9);
insert into MetaAgentTree (id, id_parent, id_daughter, id_occurrence) values (46, 39, 14, 8);
insert into MetaAgentTree (id, id_parent, id_daughter, id_occurrence) values (47, 39, 5, 7);
insert into MetaAgentTree (id, id_parent, id_daughter, id_occurrence) values (48, 115, 114, 6);
insert into MetaAgentTree (id, id_parent, id_daughter, id_occurrence) values (49, 115, 105, 5);
insert into Occurrence(id) value (13);
insert into MetaAgentTree (id, id_parent, id_daughter, id_occurrence) values (50, 87, 88, 13);
insert into MetaAgentTree (id, id_parent, id_daughter, id_occurrence) values (51, 52, 27, 18);
insert into Occurrence(id) value (26);
insert into MetaAgentTree (id, id_parent, id_daughter, id_occurrence) values (52, 116, 119, 26);
insert into Occurrence(id) value (25);
insert into MetaAgentTree (id, id_parent, id_daughter, id_occurrence) values (53, 116, 118, 25);
insert into Occurrence(id) value (24);
insert into MetaAgentTree (id, id_parent, id_daughter, id_occurrence) values (54, 116, 117, 24);
insert into MetaAgentTree (id, id_parent, id_daughter, id_occurrence) values (55, 48, 47, 11);
insert into MetaAgentTree (id, id_parent, id_daughter, id_occurrence) values (56, 48, 49, 12);
insert into MetaAgentTree (id, id_parent, id_daughter, id_occurrence) values (57, 48, 46, 10);
insert into MetaAgentTree (id, id_parent, id_daughter, id_occurrence) values (58, 108, 110, 3);
insert into MetaAgentTree (id, id_parent, id_daughter, id_occurrence) values (59, 108, 109, 4);
insert into MetaAgentTree (id, id_parent, id_daughter, id_occurrence) values (60, 111, 113, 3);
insert into MetaAgentTree (id, id_parent, id_daughter, id_occurrence) values (61, 111, 112, 4);
insert into MetaAgentTree (id, id_parent, id_daughter, id_occurrence) values (62, 70, 72, 9);
insert into MetaAgentTree (id, id_parent, id_daughter, id_occurrence) values (63, 70, 71, 8);
insert into MetaAgentTree (id, id_parent, id_daughter, id_occurrence) values (64, 70, 73, 7);
insert into Occurrence(id) value (2);
insert into MetaAgentTree (id, id_parent, id_daughter, id_occurrence) values (65, 30, 12, 2);
insert into Occurrence(id) value (1);
insert into MetaAgentTree (id, id_parent, id_daughter, id_occurrence) values (66, 30, 3, 1);
insert into MetaAgentTree (id, id_parent, id_daughter, id_occurrence) values (67, 75, 80, 11);
insert into MetaAgentTree (id, id_parent, id_daughter, id_occurrence) values (68, 75, 76, 12);
insert into MetaAgentTree (id, id_parent, id_daughter, id_occurrence) values (69, 75, 78, 10);
insert into MetaAgentTree (id, id_parent, id_daughter, id_occurrence) values (70, 31, 32, 2);
insert into MetaAgentTree (id, id_parent, id_daughter, id_occurrence) values (71, 31, 33, 1);
insert into MetaAgentTree (id, id_parent, id_daughter, id_occurrence) values (72, 64, 10, 26);
insert into MetaAgentTree (id, id_parent, id_daughter, id_occurrence) values (73, 64, 21, 25);
insert into MetaAgentTree (id, id_parent, id_daughter, id_occurrence) values (74, 64, 20, 24);
insert into MetaAgentTree (id, id_parent, id_daughter, id_occurrence) values (75, 46, 25, 13);
insert into MetaAgentTree (id, id_parent, id_daughter, id_occurrence) values (76, 78, 79, 13);
insert into MetaAgentTree (id, id_parent, id_daughter, id_occurrence) values (77, 62, 63, 18);
insert into MetaAgentTree (id, id_parent, id_daughter, id_occurrence) values (78, 35, 37, 3);
insert into MetaAgentTree (id, id_parent, id_daughter, id_occurrence) values (79, 35, 36, 4);
insert into MetaAgentTree (id, id_parent, id_daughter, id_occurrence) values (80, 105, 106, 2);
insert into MetaAgentTree (id, id_parent, id_daughter, id_occurrence) values (81, 105, 107, 1);
insert into MetaAgentTree (id, id_parent, id_daughter, id_occurrence) values (82, 92, 93, 28);
insert into MetaAgentTree (id, id_parent, id_daughter, id_occurrence) values (83, 92, 91, 29);
insert into MetaAgentTree (id, id_parent, id_daughter, id_occurrence) values (84, 92, 94, 27);
insert into MetaAgentTree (id, id_parent, id_daughter, id_occurrence) values (85, 80, 81, 14);
insert into MetaAgentTree (id, id_parent, id_daughter, id_occurrence) values (86, 65, 68, 26);
insert into MetaAgentTree (id, id_parent, id_daughter, id_occurrence) values (87, 65, 67, 25);
insert into MetaAgentTree (id, id_parent, id_daughter, id_occurrence) values (88, 65, 66, 24);
insert into Occurrence(id) value (31);
insert into MetaAgentTree (id, id_parent, id_daughter, id_occurrence) values (89, 91, 28, 31);
insert into Occurrence(id) value (32);
insert into MetaAgentTree (id, id_parent, id_daughter, id_occurrence) values (90, 91, 29, 32);




insert into RecoveryRule (id, id_ma1, action1, id_ma2, action2, direction) values (1, 112, 'RECOVERY_FILE_CREATE', 113, 'PROCESS_RESTART', 'after');
insert into RecoveryRule (id, id_ma1, action1, id_ma2, action2, direction) values (2, 112, 'RECOVERY_FILE_CHGRP', 113, 'PROCESS_RESTART', 'after');
insert into RecoveryRule (id, id_ma1, action1, id_ma2, action2, direction) values (3, 112, 'RECOVERY_FILE_CHOWN', 113, 'PROCESS_RESTART', 'after');
insert into RecoveryRule (id, id_ma1, action1, id_ma2, action2, direction) values (4, 112, 'RECOVERY_FILE_CHMOD', 113, 'PROCESS_RESTART', 'after');
insert into RecoveryRule (id, id_ma1, action1, id_ma2, action2, direction) values (5, 112, 'RECOVERY_FILE_CHATTR', 113, 'PROCESS_RESTART', 'after');
insert into RecoveryRule (id, id_ma1, action1, id_ma2, action2, direction) values (6, 112, 'RECOVERY_FILE_PATTERN', 113, 'PROCESS_RESTART', 'after');
insert into RecoveryRule (id, id_ma1, action1, id_ma2, action2, direction) values (7, 112, 'RECOVERY_FILE_MD5', 113, 'PROCESS_RESTART', 'after');
insert into RecoveryRule (id, id_ma1, action1, id_ma2, action2, direction) values (8, 106, 'RECOVERY_FILE_CREATE', 107, 'PROCESS_RESTART', 'after');
insert into RecoveryRule (id, id_ma1, action1, id_ma2, action2, direction) values (9, 106, 'RECOVERY_FILE_CHGRP', 107, 'PROCESS_RESTART', 'after');
insert into RecoveryRule (id, id_ma1, action1, id_ma2, action2, direction) values (10, 106, 'RECOVERY_FILE_CHOWN', 107, 'PROCESS_RESTART', 'after');
insert into RecoveryRule (id, id_ma1, action1, id_ma2, action2, direction) values (11, 106, 'RECOVERY_FILE_CHMOD', 107, 'PROCESS_RESTART', 'after');
insert into RecoveryRule (id, id_ma1, action1, id_ma2, action2, direction) values (12, 106, 'RECOVERY_FILE_CHATTR', 107, 'PROCESS_RESTART', 'after');
insert into RecoveryRule (id, id_ma1, action1, id_ma2, action2, direction) values (13, 106, 'RECOVERY_FILE_PATTERN', 107, 'PROCESS_RESTART', 'after');
insert into RecoveryRule (id, id_ma1, action1, id_ma2, action2, direction) values (14, 106, 'RECOVERY_FILE_MD5', 107, 'PROCESS_RESTART', 'after');
insert into RecoveryRule (id, id_ma1, action1, id_ma2, action2, direction) values (15, 93, 'RECOVERY_FILE_CREATE', 94, 'PROCESS_RESTART', 'after');
insert into RecoveryRule (id, id_ma1, action1, id_ma2, action2, direction) values (16, 93, 'RECOVERY_FILE_CHGRP', 94, 'PROCESS_RESTART', 'after');
insert into RecoveryRule (id, id_ma1, action1, id_ma2, action2, direction) values (17, 93, 'RECOVERY_FILE_CHOWN', 94, 'PROCESS_RESTART', 'after');
insert into RecoveryRule (id, id_ma1, action1, id_ma2, action2, direction) values (18, 93, 'RECOVERY_FILE_CHMOD', 94, 'PROCESS_RESTART', 'after');
insert into RecoveryRule (id, id_ma1, action1, id_ma2, action2, direction) values (19, 93, 'RECOVERY_FILE_CHATTR', 94, 'PROCESS_RESTART', 'after');
insert into RecoveryRule (id, id_ma1, action1, id_ma2, action2, direction) values (20, 93, 'RECOVERY_FILE_PATTERN', 94, 'PROCESS_RESTART', 'after');
insert into RecoveryRule (id, id_ma1, action1, id_ma2, action2, direction) values (21, 93, 'RECOVERY_FILE_MD5', 94, 'PROCESS_RESTART', 'after');
insert into RecoveryRule (id, id_ma1, action1, id_ma2, action2, direction) values (22, 96, 'RECOVERY_FILE_CREATE', 98, 'PROCESS_RESTART', 'after');
insert into RecoveryRule (id, id_ma1, action1, id_ma2, action2, direction) values (23, 96, 'RECOVERY_FILE_CHGRP', 98, 'PROCESS_RESTART', 'after');
insert into RecoveryRule (id, id_ma1, action1, id_ma2, action2, direction) values (24, 96, 'RECOVERY_FILE_CHOWN', 98, 'PROCESS_RESTART', 'after');
insert into RecoveryRule (id, id_ma1, action1, id_ma2, action2, direction) values (25, 96, 'RECOVERY_FILE_CHMOD', 98, 'PROCESS_RESTART', 'after');
insert into RecoveryRule (id, id_ma1, action1, id_ma2, action2, direction) values (26, 96, 'RECOVERY_FILE_CHATTR', 98, 'PROCESS_RESTART', 'after');
insert into RecoveryRule (id, id_ma1, action1, id_ma2, action2, direction) values (27, 96, 'RECOVERY_FILE_PATTERN', 98, 'PROCESS_RESTART', 'after');
insert into RecoveryRule (id, id_ma1, action1, id_ma2, action2, direction) values (28, 96, 'RECOVERY_FILE_MD5', 98, 'PROCESS_RESTART', 'after');
insert into RecoveryRule (id, id_ma1, action1, id_ma2, action2, direction) values (29, 118, 'RECOVERY_FILE_CREATE', 119, 'PROCESS_RESTART', 'after');
insert into RecoveryRule (id, id_ma1, action1, id_ma2, action2, direction) values (30, 118, 'RECOVERY_FILE_CHGRP', 119, 'PROCESS_RESTART', 'after');
insert into RecoveryRule (id, id_ma1, action1, id_ma2, action2, direction) values (31, 118, 'RECOVERY_FILE_CHOWN', 119, 'PROCESS_RESTART', 'after');
insert into RecoveryRule (id, id_ma1, action1, id_ma2, action2, direction) values (32, 118, 'RECOVERY_FILE_CHMOD', 119, 'PROCESS_RESTART', 'after');
insert into RecoveryRule (id, id_ma1, action1, id_ma2, action2, direction) values (33, 118, 'RECOVERY_FILE_CHATTR', 119, 'PROCESS_RESTART', 'after');
insert into RecoveryRule (id, id_ma1, action1, id_ma2, action2, direction) values (34, 118, 'RECOVERY_FILE_PATTERN', 119, 'PROCESS_RESTART', 'after');
insert into RecoveryRule (id, id_ma1, action1, id_ma2, action2, direction) values (35, 118, 'RECOVERY_FILE_MD5', 119, 'PROCESS_RESTART', 'after');
insert into RecoveryRule (id, id_ma1, action1, id_ma2, action2, direction) values (36, 109, 'RECOVERY_FILE_CREATE', 110, 'PROCESS_RESTART', 'after');
insert into RecoveryRule (id, id_ma1, action1, id_ma2, action2, direction) values (37, 109, 'RECOVERY_FILE_CHGRP', 110, 'PROCESS_RESTART', 'after');
insert into RecoveryRule (id, id_ma1, action1, id_ma2, action2, direction) values (38, 109, 'RECOVERY_FILE_CHOWN', 110, 'PROCESS_RESTART', 'after');
insert into RecoveryRule (id, id_ma1, action1, id_ma2, action2, direction) values (39, 109, 'RECOVERY_FILE_CHMOD', 110, 'PROCESS_RESTART', 'after');
insert into RecoveryRule (id, id_ma1, action1, id_ma2, action2, direction) values (40, 109, 'RECOVERY_FILE_CHATTR', 110, 'PROCESS_RESTART', 'after');
insert into RecoveryRule (id, id_ma1, action1, id_ma2, action2, direction) values (41, 109, 'RECOVERY_FILE_PATTERN', 110, 'PROCESS_RESTART', 'after');
insert into RecoveryRule (id, id_ma1, action1, id_ma2, action2, direction) values (42, 109, 'RECOVERY_FILE_MD5', 110, 'PROCESS_RESTART', 'after');
insert into RecoveryRule (id, id_ma1, action1, id_ma2, action2, direction) values (43, 97, 'RECOVERY_FILE_CREATE', 98, 'PROCESS_RESTART', 'after');
insert into RecoveryRule (id, id_ma1, action1, id_ma2, action2, direction) values (44, 97, 'RECOVERY_FILE_CHGRP', 98, 'PROCESS_RESTART', 'after');
insert into RecoveryRule (id, id_ma1, action1, id_ma2, action2, direction) values (45, 97, 'RECOVERY_FILE_CHOWN', 98, 'PROCESS_RESTART', 'after');
insert into RecoveryRule (id, id_ma1, action1, id_ma2, action2, direction) values (46, 97, 'RECOVERY_FILE_CHMOD', 98, 'PROCESS_RESTART', 'after');
insert into RecoveryRule (id, id_ma1, action1, id_ma2, action2, direction) values (47, 97, 'RECOVERY_FILE_CHATTR', 98, 'PROCESS_RESTART', 'after');
insert into RecoveryRule (id, id_ma1, action1, id_ma2, action2, direction) values (48, 97, 'RECOVERY_FILE_PATTERN', 98, 'PROCESS_RESTART', 'after');
insert into RecoveryRule (id, id_ma1, action1, id_ma2, action2, direction) values (49, 97, 'RECOVERY_FILE_MD5', 98, 'PROCESS_RESTART', 'after');
